WP260qJAo6,LgGNNDR7V9,0.4
R66uXO6er6,BaSQ7g0osU,0.5
dnGyvx46ep,eW4qHCbqx3,0.5
RR3ILZvUPK,QJIda9RPHD,0.6
6vlOD3Kx6Q,1qjBiXhlYy,0.7
Fx7FQJ4ZkI,U24RwmUTZA,0.6
YK9uKMscfZ,EiCCHkoe7k,0.6
tSUQToAYHS,mdnf2wDVKi,0.5
rqmrhVmqgQ,66VRAEV9yK,0.8
HgfwDHaspe,Ss01C6ny1O,0.7
7W9xhjj8hE,xzsudLqUCL,0.7
t92yxYYDLt,SU68JGiiSo,0.9
fRk6Hm6EIN,9jXYH5UAL6,0.5
afZcmndKWZ,2Co4QCjEta,0.8
mIl1zx0ZqT,1TBE1uq91X,0.7
TlpsAliv64,wcvr5tHjJW,0.7
KokKBQSeEu,Nxv1K5H2sC,0.7
JLczrVyki7,0KFfivmFfc,0.9
sKMmwCRSMc,XL1N1oq5V4,0.7
5jXmA35cQl,hpADMkfd2F,1.0
WP260qJAo6,LgGNNDR7V2,0.2
R66uXO6er6,BaSQ7g0osU,0.5
dnGyvx46ep,eW4qHCbqx3,0.5
RR3ILZvUPK,QJIda9RPHD,0.6
6vlOD3Kx6Q,1qjBiXhlYy,0.7
Fx7FQJ4ZkI,U24RwmUTZA,1.9
YK9uKMscfZ,EiCCHkoe7k,0.6
tSUQToAYHS,mdnf2wDVKi,0.5
rqmrhVmqgQ,66VRAEV9yK,0.1
Fx7FQJ4ZkI,U24RwmUTZA,0.2
WP260qJAo6,LgGNNDR7Vl,0.8
HgfwDHaspe,Ss01C6ny1O,0.7
7W9xhjj8hE,xzsudLqUCL,0.7
t92yxYYDLt,SU68JGiiSo,0.9
fRk6Hm6EIN,9jXYH5UAL6,0.5
afZcmndKWZ,2Co4QCjEta,0.8
mIl1zx0ZqT,1TBE1uq91X,0.7
TlpsAliv64,wcvr5tHjJW,0.7
Fx7FQJ4ZkI,U24RwmUTZA,0.1
KokKBQSeEu,Nxv1K5H2sC,0.7
JLczrVyki7,0KFfivmFfc,0.9
sKMmwCRSMc,XL1N1oq5V4,0.7
5jXmA35cQl,hpADMkfd2F,1.0